session_date,is_open,source
2021-07-20,true,derived_from_pilot_quotes
2021-07-22,true,derived_from_pilot_quotes
2021-07-23,true,derived_from_pilot_quotes
2021-07-26,true,derived_from_pilot_quotes
2021-07-27,true,derived_from_pilot_quotes
2021-07-28,true,derived_from_pilot_quotes
2021-07-29,true,derived_from_pilot_quotes
2021-07-30,true,derived_from_pilot_quotes
2021-08-02,true,derived_from_pilot_quotes
2021-08-03,true,derived_from_pilot_quotes
2021-08-04,true,derived_from_pilot_quotes
2021-08-05,true,derived_from_pilot_quotes
2021-08-06,true,derived_from_pilot_quotes
2021-08-09,true,derived_from_pilot_quotes
2021-08-10,true,derived_from_pilot_quotes
2021-08-11,true,derived_from_pilot_quotes
2021-08-12,true,derived_from_pilot_quotes
2021-08-13,true,derived_from_pilot_quotes
2021-08-16,true,derived_from_pilot_quotes
2021-08-17,true,derived_from_pilot_quotes
2021-08-18,true,derived_from_pilot_quotes
2021-08-20,true,derived_from_pilot_quotes
2021-08-23,true,derived_from_pilot_quotes
2021-08-24,true,derived_from_pilot_quotes
2021-08-25,true,derived_from_pilot_quotes
2021-08-26,true,derived_from_pilot_quotes
2021-08-27,true,derived_from_pilot_quotes
2021-08-30,true,derived_from_pilot_quotes
2021-08-31,true,derived_from_pilot_quotes
2021-09-01,true,derived_from_pilot_quotes
2021-09-02,true,derived_from_pilot_quotes
2021-09-03,true,derived_from_pilot_quotes
2021-09-06,true,derived_from_pilot_quotes
2021-09-07,true,derived_from_pilot_quotes
2021-09-08,true,derived_from_pilot_quotes
2021-09-09,true,derived_from_pilot_quotes
2021-09-13,true,derived_from_pilot_quotes
2021-09-14,true,derived_from_pilot_quotes
2021-09-15,true,derived_from_pilot_quotes
2021-09-16,true,derived_from_pilot_quotes
2021-09-17,true,derived_from_pilot_quotes
2021-09-20,true,derived_from_pilot_quotes
2021-09-21,true,derived_from_pilot_quotes
2021-09-22,true,derived_from_pilot_quotes
2021-09-23,true,derived_from_pilot_quotes
2021-09-24,true,derived_from_pilot_quotes
2021-09-27,true,derived_from_pilot_quotes
2021-09-28,true,derived_from_pilot_quotes
2021-09-29,true,derived_from_pilot_quotes
2021-09-30,true,derived_from_pilot_quotes
2021-10-01,true,derived_from_pilot_quotes
2021-10-04,true,derived_from_pilot_quotes
2021-10-05,true,derived_from_pilot_quotes
2021-10-06,true,derived_from_pilot_quotes
2021-10-07,true,derived_from_pilot_quotes
2021-10-08,true,derived_from_pilot_quotes
2021-10-11,true,derived_from_pilot_quotes
2021-10-12,true,derived_from_pilot_quotes
2021-10-13,true,derived_from_pilot_quotes
2021-10-14,true,derived_from_pilot_quotes
2021-10-18,true,derived_from_pilot_quotes
2021-10-19,true,derived_from_pilot_quotes
2021-10-20,true,derived_from_pilot_quotes
2021-10-21,true,derived_from_pilot_quotes
2021-10-22,true,derived_from_pilot_quotes
2021-10-25,true,derived_from_pilot_quotes
2021-10-26,true,derived_from_pilot_quotes
2021-10-27,true,derived_from_pilot_quotes
2021-10-28,true,derived_from_pilot_quotes
2021-10-29,true,derived_from_pilot_quotes
2021-11-01,true,derived_from_pilot_quotes
2021-11-02,true,derived_from_pilot_quotes
2021-11-03,true,derived_from_pilot_quotes
2021-11-04,true,derived_from_pilot_quotes
2021-11-08,true,derived_from_pilot_quotes
2021-11-09,true,derived_from_pilot_quotes
2021-11-10,true,derived_from_pilot_quotes
2021-11-11,true,derived_from_pilot_quotes
2021-11-12,true,derived_from_pilot_quotes
2021-11-15,true,derived_from_pilot_quotes
2021-11-16,true,derived_from_pilot_quotes
2021-11-17,true,derived_from_pilot_quotes
2021-11-18,true,derived_from_pilot_quotes
2021-11-22,true,derived_from_pilot_quotes
2021-11-23,true,derived_from_pilot_quotes
2021-11-24,true,derived_from_pilot_quotes
2021-11-25,true,derived_from_pilot_quotes
2021-11-26,true,derived_from_pilot_quotes
2021-11-29,true,derived_from_pilot_quotes
2021-11-30,true,derived_from_pilot_quotes
2021-12-01,true,derived_from_pilot_quotes
2021-12-02,true,derived_from_pilot_quotes
2021-12-03,true,derived_from_pilot_quotes
2021-12-06,true,derived_from_pilot_quotes
2021-12-07,true,derived_from_pilot_quotes
2021-12-08,true,derived_from_pilot_quotes
2021-12-09,true,derived_from_pilot_quotes
2021-12-10,true,derived_from_pilot_quotes
2021-12-13,true,derived_from_pilot_quotes
2021-12-14,true,derived_from_pilot_quotes
2021-12-15,true,derived_from_pilot_quotes
2021-12-16,true,derived_from_pilot_quotes
2021-12-17,true,derived_from_pilot_quotes
2021-12-20,true,derived_from_pilot_quotes
2021-12-21,true,derived_from_pilot_quotes
2021-12-22,true,derived_from_pilot_quotes
2021-12-23,true,derived_from_pilot_quotes
2021-12-24,true,derived_from_pilot_quotes
2021-12-27,true,derived_from_pilot_quotes
2021-12-28,true,derived_from_pilot_quotes
2021-12-29,true,derived_from_pilot_quotes
2021-12-30,true,derived_from_pilot_quotes
2021-12-31,true,derived_from_pilot_quotes
2022-01-03,true,derived_from_pilot_quotes
2022-01-04,true,derived_from_pilot_quotes
2022-01-05,true,derived_from_pilot_quotes
2022-01-06,true,derived_from_pilot_quotes
2022-01-07,true,derived_from_pilot_quotes
2022-01-10,true,derived_from_pilot_quotes
2022-01-11,true,derived_from_pilot_quotes
2022-01-12,true,derived_from_pilot_quotes
2022-01-13,true,derived_from_pilot_quotes
2022-01-14,true,derived_from_pilot_quotes
2022-01-17,true,derived_from_pilot_quotes
2022-01-18,true,derived_from_pilot_quotes
2022-01-19,true,derived_from_pilot_quotes
2022-01-20,true,derived_from_pilot_quotes
2022-01-21,true,derived_from_pilot_quotes
2022-01-24,true,derived_from_pilot_quotes
2022-01-25,true,derived_from_pilot_quotes
2022-01-27,true,derived_from_pilot_quotes
2022-01-28,true,derived_from_pilot_quotes
2022-01-31,true,derived_from_pilot_quotes
2022-02-01,true,derived_from_pilot_quotes
2022-02-02,true,derived_from_pilot_quotes
2022-02-03,true,derived_from_pilot_quotes
2022-02-04,true,derived_from_pilot_quotes
2022-02-07,true,derived_from_pilot_quotes
2022-02-08,true,derived_from_pilot_quotes
2022-02-09,true,derived_from_pilot_quotes
2022-02-10,true,derived_from_pilot_quotes
2022-02-11,true,derived_from_pilot_quotes
2022-02-14,true,derived_from_pilot_quotes
2022-02-15,true,derived_from_pilot_quotes
2022-02-16,true,derived_from_pilot_quotes
2022-02-17,true,derived_from_pilot_quotes
2022-02-18,true,derived_from_pilot_quotes
2022-02-21,true,derived_from_pilot_quotes
2022-02-22,true,derived_from_pilot_quotes
2022-02-23,true,derived_from_pilot_quotes
2022-02-24,true,derived_from_pilot_quotes
2022-02-25,true,derived_from_pilot_quotes
2022-02-28,true,derived_from_pilot_quotes
2022-03-02,true,derived_from_pilot_quotes
2022-03-03,true,derived_from_pilot_quotes
2022-03-04,true,derived_from_pilot_quotes
2022-03-07,true,derived_from_pilot_quotes
2022-03-08,true,derived_from_pilot_quotes
2022-03-09,true,derived_from_pilot_quotes
2022-03-10,true,derived_from_pilot_quotes
2022-03-11,true,derived_from_pilot_quotes
2022-03-14,true,derived_from_pilot_quotes
2022-03-15,true,derived_from_pilot_quotes
2022-03-16,true,derived_from_pilot_quotes
2022-03-17,true,derived_from_pilot_quotes
2022-03-21,true,derived_from_pilot_quotes
2022-03-22,true,derived_from_pilot_quotes
2022-03-23,true,derived_from_pilot_quotes
2022-03-24,true,derived_from_pilot_quotes
2022-03-25,true,derived_from_pilot_quotes
2022-03-28,true,derived_from_pilot_quotes
2022-03-29,true,derived_from_pilot_quotes
2022-03-30,true,derived_from_pilot_quotes
2022-03-31,true,derived_from_pilot_quotes
2022-04-01,true,derived_from_pilot_quotes
2022-04-04,true,derived_from_pilot_quotes
2022-04-05,true,derived_from_pilot_quotes
2022-04-06,true,derived_from_pilot_quotes
2022-04-07,true,derived_from_pilot_quotes
2022-04-08,true,derived_from_pilot_quotes
2022-04-11,true,derived_from_pilot_quotes
2022-04-12,true,derived_from_pilot_quotes
2022-04-13,true,derived_from_pilot_quotes
2022-04-18,true,derived_from_pilot_quotes
2022-04-19,true,derived_from_pilot_quotes
2022-04-20,true,derived_from_pilot_quotes
2022-04-21,true,derived_from_pilot_quotes
2022-04-22,true,derived_from_pilot_quotes
2022-04-25,true,derived_from_pilot_quotes
2022-04-26,true,derived_from_pilot_quotes
2022-04-27,true,derived_from_pilot_quotes
2022-04-28,true,derived_from_pilot_quotes
2022-04-29,true,derived_from_pilot_quotes
2022-05-02,true,derived_from_pilot_quotes
2022-05-04,true,derived_from_pilot_quotes
2022-05-05,true,derived_from_pilot_quotes
2022-05-06,true,derived_from_pilot_quotes
2022-05-09,true,derived_from_pilot_quotes
2022-05-10,true,derived_from_pilot_quotes
2022-05-11,true,derived_from_pilot_quotes
2022-05-12,true,derived_from_pilot_quotes
2022-05-13,true,derived_from_pilot_quotes
2022-05-16,true,derived_from_pilot_quotes
2022-05-17,true,derived_from_pilot_quotes
2022-05-18,true,derived_from_pilot_quotes
2022-05-19,true,derived_from_pilot_quotes
2022-05-20,true,derived_from_pilot_quotes
2022-05-23,true,derived_from_pilot_quotes
2022-05-24,true,derived_from_pilot_quotes
2022-05-25,true,derived_from_pilot_quotes
2022-05-26,true,derived_from_pilot_quotes
2022-05-27,true,derived_from_pilot_quotes
2022-05-30,true,derived_from_pilot_quotes
2022-05-31,true,derived_from_pilot_quotes
2022-06-01,true,derived_from_pilot_quotes
2022-06-02,true,derived_from_pilot_quotes
2022-06-03,true,derived_from_pilot_quotes
2022-06-06,true,derived_from_pilot_quotes
2022-06-07,true,derived_from_pilot_quotes
2022-06-08,true,derived_from_pilot_quotes
2022-06-09,true,derived_from_pilot_quotes
2022-06-10,true,derived_from_pilot_quotes
2022-06-13,true,derived_from_pilot_quotes
2022-06-14,true,derived_from_pilot_quotes
2022-06-15,true,derived_from_pilot_quotes
2022-06-16,true,derived_from_pilot_quotes
2022-06-17,true,derived_from_pilot_quotes
2022-06-20,true,derived_from_pilot_quotes
2022-06-21,true,derived_from_pilot_quotes
2022-06-22,true,derived_from_pilot_quotes
2022-06-23,true,derived_from_pilot_quotes
2022-06-24,true,derived_from_pilot_quotes
2022-06-27,true,derived_from_pilot_quotes
2022-06-28,true,derived_from_pilot_quotes
2022-06-29,true,derived_from_pilot_quotes
2022-06-30,true,derived_from_pilot_quotes
2022-07-01,true,derived_from_pilot_quotes
2022-07-04,true,derived_from_pilot_quotes
2022-07-05,true,derived_from_pilot_quotes
2022-07-06,true,derived_from_pilot_quotes
2022-07-07,true,derived_from_pilot_quotes
2022-07-08,true,derived_from_pilot_quotes
2022-07-11,true,derived_from_pilot_quotes
2022-07-12,true,derived_from_pilot_quotes
2022-07-13,true,derived_from_pilot_quotes
2022-07-14,true,derived_from_pilot_quotes
2022-07-15,true,derived_from_pilot_quotes
2022-07-18,true,derived_from_pilot_quotes
2022-07-19,true,derived_from_pilot_quotes
2022-07-20,true,derived_from_pilot_quotes
2022-07-21,true,derived_from_pilot_quotes
2022-07-22,true,derived_from_pilot_quotes
2022-07-25,true,derived_from_pilot_quotes
2022-07-26,true,derived_from_pilot_quotes
2022-07-27,true,derived_from_pilot_quotes
2022-07-28,true,derived_from_pilot_quotes
2022-07-29,true,derived_from_pilot_quotes
2022-08-01,true,derived_from_pilot_quotes
2022-08-02,true,derived_from_pilot_quotes
2022-08-03,true,derived_from_pilot_quotes
2022-08-04,true,derived_from_pilot_quotes
2022-08-05,true,derived_from_pilot_quotes
2022-08-08,true,derived_from_pilot_quotes
2022-08-10,true,derived_from_pilot_quotes
2022-08-11,true,derived_from_pilot_quotes
2022-08-12,true,derived_from_pilot_quotes
2022-08-16,true,derived_from_pilot_quotes
2022-08-17,true,derived_from_pilot_quotes
2022-08-18,true,derived_from_pilot_quotes
2022-08-19,true,derived_from_pilot_quotes
2022-08-22,true,derived_from_pilot_quotes
2022-08-23,true,derived_from_pilot_quotes
2022-08-24,true,derived_from_pilot_quotes
2022-08-25,true,derived_from_pilot_quotes
2022-08-26,true,derived_from_pilot_quotes
2022-08-29,true,derived_from_pilot_quotes
2022-08-30,true,derived_from_pilot_quotes
2022-09-01,true,derived_from_pilot_quotes
2022-09-02,true,derived_from_pilot_quotes
2022-09-05,true,derived_from_pilot_quotes
2022-09-06,true,derived_from_pilot_quotes
2022-09-07,true,derived_from_pilot_quotes
2022-09-08,true,derived_from_pilot_quotes
2022-09-09,true,derived_from_pilot_quotes
2022-09-12,true,derived_from_pilot_quotes
2022-09-13,true,derived_from_pilot_quotes
2022-09-14,true,derived_from_pilot_quotes
2022-09-15,true,derived_from_pilot_quotes
2022-09-16,true,derived_from_pilot_quotes
2022-09-19,true,derived_from_pilot_quotes
2022-09-20,true,derived_from_pilot_quotes
2022-09-21,true,derived_from_pilot_quotes
2022-09-22,true,derived_from_pilot_quotes
2022-09-23,true,derived_from_pilot_quotes
2022-09-26,true,derived_from_pilot_quotes
2022-09-27,true,derived_from_pilot_quotes
2022-09-28,true,derived_from_pilot_quotes
2022-09-29,true,derived_from_pilot_quotes
2022-09-30,true,derived_from_pilot_quotes
2022-10-03,true,derived_from_pilot_quotes
2022-10-04,true,derived_from_pilot_quotes
2022-10-06,true,derived_from_pilot_quotes
2022-10-07,true,derived_from_pilot_quotes
2022-10-10,true,derived_from_pilot_quotes
2022-10-11,true,derived_from_pilot_quotes
2022-10-12,true,derived_from_pilot_quotes
2022-10-13,true,derived_from_pilot_quotes
2022-10-14,true,derived_from_pilot_quotes
2022-10-17,true,derived_from_pilot_quotes
2022-10-18,true,derived_from_pilot_quotes
2022-10-19,true,derived_from_pilot_quotes
2022-10-20,true,derived_from_pilot_quotes
2022-10-21,true,derived_from_pilot_quotes
2022-10-24,true,derived_from_pilot_quotes
2022-10-25,true,derived_from_pilot_quotes
2022-10-27,true,derived_from_pilot_quotes
2022-10-28,true,derived_from_pilot_quotes
2022-10-31,true,derived_from_pilot_quotes
2022-11-01,true,derived_from_pilot_quotes
2022-11-02,true,derived_from_pilot_quotes
2022-11-03,true,derived_from_pilot_quotes
2022-11-04,true,derived_from_pilot_quotes
2022-11-07,true,derived_from_pilot_quotes
2022-11-09,true,derived_from_pilot_quotes
2022-11-10,true,derived_from_pilot_quotes
2022-11-11,true,derived_from_pilot_quotes
2022-11-14,true,derived_from_pilot_quotes
2022-11-15,true,derived_from_pilot_quotes
2022-11-16,true,derived_from_pilot_quotes
2022-11-17,true,derived_from_pilot_quotes
2022-11-18,true,derived_from_pilot_quotes
2022-11-21,true,derived_from_pilot_quotes
2022-11-22,true,derived_from_pilot_quotes
2022-11-23,true,derived_from_pilot_quotes
2022-11-24,true,derived_from_pilot_quotes
2022-11-25,true,derived_from_pilot_quotes
2022-11-28,true,derived_from_pilot_quotes
2022-11-29,true,derived_from_pilot_quotes
2022-11-30,true,derived_from_pilot_quotes
2022-12-01,true,derived_from_pilot_quotes
2022-12-02,true,derived_from_pilot_quotes
2022-12-05,true,derived_from_pilot_quotes
2022-12-06,true,derived_from_pilot_quotes
2022-12-07,true,derived_from_pilot_quotes
2022-12-08,true,derived_from_pilot_quotes
2022-12-09,true,derived_from_pilot_quotes
2022-12-12,true,derived_from_pilot_quotes
2022-12-13,true,derived_from_pilot_quotes
2022-12-14,true,derived_from_pilot_quotes
2022-12-15,true,derived_from_pilot_quotes
2022-12-16,true,derived_from_pilot_quotes
2022-12-19,true,derived_from_pilot_quotes
2022-12-20,true,derived_from_pilot_quotes
2022-12-21,true,derived_from_pilot_quotes
2022-12-22,true,derived_from_pilot_quotes
2022-12-23,true,derived_from_pilot_quotes
2022-12-26,true,derived_from_pilot_quotes
2022-12-27,true,derived_from_pilot_quotes
2022-12-28,true,derived_from_pilot_quotes
2022-12-29,true,derived_from_pilot_quotes
2022-12-30,true,derived_from_pilot_quotes
2023-01-02,true,derived_from_pilot_quotes
2023-01-03,true,derived_from_pilot_quotes
2023-01-04,true,derived_from_pilot_quotes
2023-01-05,true,derived_from_pilot_quotes
2023-01-06,true,derived_from_pilot_quotes
2023-01-09,true,derived_from_pilot_quotes
2023-01-10,true,derived_from_pilot_quotes
2023-01-11,true,derived_from_pilot_quotes
2023-01-12,true,derived_from_pilot_quotes
2023-01-13,true,derived_from_pilot_quotes
2023-01-16,true,derived_from_pilot_quotes
2023-01-17,true,derived_from_pilot_quotes
2023-01-18,true,derived_from_pilot_quotes
2023-01-19,true,derived_from_pilot_quotes
2023-01-20,true,derived_from_pilot_quotes
2023-01-23,true,derived_from_pilot_quotes
2023-01-24,true,derived_from_pilot_quotes
2023-01-25,true,derived_from_pilot_quotes
2023-01-27,true,derived_from_pilot_quotes
2023-01-30,true,derived_from_pilot_quotes
2023-01-31,true,derived_from_pilot_quotes
2023-02-01,true,derived_from_pilot_quotes
2023-02-02,true,derived_from_pilot_quotes
2023-02-03,true,derived_from_pilot_quotes
2023-02-06,true,derived_from_pilot_quotes
2023-02-07,true,derived_from_pilot_quotes
2023-02-08,true,derived_from_pilot_quotes
2023-02-09,true,derived_from_pilot_quotes
2023-02-10,true,derived_from_pilot_quotes
2023-02-13,true,derived_from_pilot_quotes
2023-02-14,true,derived_from_pilot_quotes
2023-02-15,true,derived_from_pilot_quotes
2023-02-16,true,derived_from_pilot_quotes
2023-02-17,true,derived_from_pilot_quotes
2023-02-20,true,derived_from_pilot_quotes
2023-02-21,true,derived_from_pilot_quotes
2023-02-22,true,derived_from_pilot_quotes
2023-02-23,true,derived_from_pilot_quotes
2023-02-24,true,derived_from_pilot_quotes
2023-02-27,true,derived_from_pilot_quotes
2023-02-28,true,derived_from_pilot_quotes
2023-03-01,true,derived_from_pilot_quotes
2023-03-02,true,derived_from_pilot_quotes
2023-03-03,true,derived_from_pilot_quotes
2023-03-06,true,derived_from_pilot_quotes
2023-03-08,true,derived_from_pilot_quotes
2023-03-09,true,derived_from_pilot_quotes
2023-03-10,true,derived_from_pilot_quotes
2023-03-13,true,derived_from_pilot_quotes
2023-03-14,true,derived_from_pilot_quotes
2023-03-15,true,derived_from_pilot_quotes
2023-03-16,true,derived_from_pilot_quotes
2023-03-17,true,derived_from_pilot_quotes
2023-03-20,true,derived_from_pilot_quotes
2023-03-21,true,derived_from_pilot_quotes
2023-03-22,true,derived_from_pilot_quotes
2023-03-23,true,derived_from_pilot_quotes
2023-03-24,true,derived_from_pilot_quotes
2023-03-27,true,derived_from_pilot_quotes
2023-03-28,true,derived_from_pilot_quotes
2023-03-29,true,derived_from_pilot_quotes
2023-03-31,true,derived_from_pilot_quotes
2023-04-03,true,derived_from_pilot_quotes
2023-04-05,true,derived_from_pilot_quotes
2023-04-06,true,derived_from_pilot_quotes
2023-04-10,true,derived_from_pilot_quotes
2023-04-11,true,derived_from_pilot_quotes
2023-04-12,true,derived_from_pilot_quotes
2023-04-13,true,derived_from_pilot_quotes
2023-04-17,true,derived_from_pilot_quotes
2023-04-18,true,derived_from_pilot_quotes
2023-04-19,true,derived_from_pilot_quotes
2023-04-20,true,derived_from_pilot_quotes
2023-04-21,true,derived_from_pilot_quotes
2023-04-24,true,derived_from_pilot_quotes
2023-04-25,true,derived_from_pilot_quotes
2023-04-26,true,derived_from_pilot_quotes
2023-04-27,true,derived_from_pilot_quotes
2023-04-28,true,derived_from_pilot_quotes
2023-05-02,true,derived_from_pilot_quotes
2023-05-03,true,derived_from_pilot_quotes
2023-05-04,true,derived_from_pilot_quotes
2023-05-05,true,derived_from_pilot_quotes
2023-05-08,true,derived_from_pilot_quotes
2023-05-09,true,derived_from_pilot_quotes
2023-05-10,true,derived_from_pilot_quotes
2023-05-11,true,derived_from_pilot_quotes
2023-05-12,true,derived_from_pilot_quotes
2023-05-15,true,derived_from_pilot_quotes
2023-05-16,true,derived_from_pilot_quotes
2023-05-17,true,derived_from_pilot_quotes
2023-05-18,true,derived_from_pilot_quotes
2023-05-19,true,derived_from_pilot_quotes
2023-05-22,true,derived_from_pilot_quotes
2023-05-23,true,derived_from_pilot_quotes
2023-05-24,true,derived_from_pilot_quotes
2023-05-25,true,derived_from_pilot_quotes
2023-05-26,true,derived_from_pilot_quotes
2023-05-29,true,derived_from_pilot_quotes
2023-05-30,true,derived_from_pilot_quotes
2023-05-31,true,derived_from_pilot_quotes
2023-06-01,true,derived_from_pilot_quotes
2023-06-02,true,derived_from_pilot_quotes
2023-06-05,true,derived_from_pilot_quotes
2023-06-06,true,derived_from_pilot_quotes
2023-06-07,true,derived_from_pilot_quotes
2023-06-08,true,derived_from_pilot_quotes
2023-06-09,true,derived_from_pilot_quotes
2023-06-12,true,derived_from_pilot_quotes
2023-06-13,true,derived_from_pilot_quotes
2023-06-14,true,derived_from_pilot_quotes
2023-06-15,true,derived_from_pilot_quotes
2023-06-16,true,derived_from_pilot_quotes
2023-06-19,true,derived_from_pilot_quotes
2023-06-20,true,derived_from_pilot_quotes
2023-06-21,true,derived_from_pilot_quotes
2023-06-22,true,derived_from_pilot_quotes
2023-06-23,true,derived_from_pilot_quotes
2023-06-26,true,derived_from_pilot_quotes
2023-06-27,true,derived_from_pilot_quotes
2023-06-28,true,derived_from_pilot_quotes
2023-06-30,true,derived_from_pilot_quotes
2023-07-03,true,derived_from_pilot_quotes
2023-07-04,true,derived_from_pilot_quotes
2023-07-05,true,derived_from_pilot_quotes
2023-07-06,true,derived_from_pilot_quotes
2023-07-07,true,derived_from_pilot_quotes
2023-07-10,true,derived_from_pilot_quotes
2023-07-11,true,derived_from_pilot_quotes
2023-07-12,true,derived_from_pilot_quotes
2023-07-13,true,derived_from_pilot_quotes
2023-07-14,true,derived_from_pilot_quotes
2023-07-17,true,derived_from_pilot_quotes
2023-07-18,true,derived_from_pilot_quotes
2023-07-19,true,derived_from_pilot_quotes
2023-07-20,true,derived_from_pilot_quotes
2023-07-21,true,derived_from_pilot_quotes
2023-07-24,true,derived_from_pilot_quotes
2023-07-25,true,derived_from_pilot_quotes
2023-07-26,true,derived_from_pilot_quotes
2023-07-27,true,derived_from_pilot_quotes
2023-07-28,true,derived_from_pilot_quotes
2023-07-31,true,derived_from_pilot_quotes
2023-08-01,true,derived_from_pilot_quotes
2023-08-02,true,derived_from_pilot_quotes
2023-08-03,true,derived_from_pilot_quotes
2023-08-04,true,derived_from_pilot_quotes
2023-08-07,true,derived_from_pilot_quotes
2023-08-08,true,derived_from_pilot_quotes
2023-08-09,true,derived_from_pilot_quotes
2023-08-10,true,derived_from_pilot_quotes
2023-08-11,true,derived_from_pilot_quotes
2023-08-14,true,derived_from_pilot_quotes
2023-08-16,true,derived_from_pilot_quotes
2023-08-17,true,derived_from_pilot_quotes
2023-08-18,true,derived_from_pilot_quotes
2023-08-21,true,derived_from_pilot_quotes
2023-08-22,true,derived_from_pilot_quotes
2023-08-23,true,derived_from_pilot_quotes
2023-08-24,true,derived_from_pilot_quotes
2023-08-25,true,derived_from_pilot_quotes
2023-08-28,true,derived_from_pilot_quotes
2023-08-29,true,derived_from_pilot_quotes
2023-08-30,true,derived_from_pilot_quotes
2023-08-31,true,derived_from_pilot_quotes
2023-09-01,true,derived_from_pilot_quotes
2023-09-04,true,derived_from_pilot_quotes
2023-09-05,true,derived_from_pilot_quotes
2023-09-06,true,derived_from_pilot_quotes
2023-09-07,true,derived_from_pilot_quotes
2023-09-08,true,derived_from_pilot_quotes
2023-09-11,true,derived_from_pilot_quotes
2023-09-12,true,derived_from_pilot_quotes
2023-09-13,true,derived_from_pilot_quotes
2023-09-14,true,derived_from_pilot_quotes
2023-09-15,true,derived_from_pilot_quotes
2023-09-18,true,derived_from_pilot_quotes
2023-09-20,true,derived_from_pilot_quotes
2023-09-21,true,derived_from_pilot_quotes
2023-09-22,true,derived_from_pilot_quotes
2023-09-25,true,derived_from_pilot_quotes
2023-09-26,true,derived_from_pilot_quotes
2023-09-27,true,derived_from_pilot_quotes
2023-09-28,true,derived_from_pilot_quotes
2023-09-29,true,derived_from_pilot_quotes
2023-10-03,true,derived_from_pilot_quotes
2023-10-04,true,derived_from_pilot_quotes
2023-10-05,true,derived_from_pilot_quotes
2023-10-06,true,derived_from_pilot_quotes
2023-10-09,true,derived_from_pilot_quotes
2023-10-10,true,derived_from_pilot_quotes
2023-10-11,true,derived_from_pilot_quotes
2023-10-12,true,derived_from_pilot_quotes
2023-10-13,true,derived_from_pilot_quotes
2023-10-16,true,derived_from_pilot_quotes
2023-10-17,true,derived_from_pilot_quotes
2023-10-18,true,derived_from_pilot_quotes
2023-10-19,true,derived_from_pilot_quotes
2023-10-20,true,derived_from_pilot_quotes
2023-10-23,true,derived_from_pilot_quotes
2023-10-25,true,derived_from_pilot_quotes
2023-10-26,true,derived_from_pilot_quotes
2023-10-27,true,derived_from_pilot_quotes
2023-10-30,true,derived_from_pilot_quotes
2023-10-31,true,derived_from_pilot_quotes
2023-11-01,true,derived_from_pilot_quotes
2023-11-02,true,derived_from_pilot_quotes
2023-11-03,true,derived_from_pilot_quotes
2023-11-06,true,derived_from_pilot_quotes
2023-11-07,true,derived_from_pilot_quotes
2023-11-08,true,derived_from_pilot_quotes
2023-11-09,true,derived_from_pilot_quotes
2023-11-10,true,derived_from_pilot_quotes
2023-11-12,true,derived_from_pilot_quotes
2023-11-13,true,derived_from_pilot_quotes
2023-11-15,true,derived_from_pilot_quotes
2023-11-16,true,derived_from_pilot_quotes
2023-11-17,true,derived_from_pilot_quotes
2023-11-20,true,derived_from_pilot_quotes
2023-11-21,true,derived_from_pilot_quotes
2023-11-22,true,derived_from_pilot_quotes
2023-11-23,true,derived_from_pilot_quotes
2023-11-24,true,derived_from_pilot_quotes
2023-11-28,true,derived_from_pilot_quotes
2023-11-29,true,derived_from_pilot_quotes
2023-11-30,true,derived_from_pilot_quotes
2023-12-01,true,derived_from_pilot_quotes
2023-12-04,true,derived_from_pilot_quotes
2023-12-05,true,derived_from_pilot_quotes
2023-12-06,true,derived_from_pilot_quotes
2023-12-07,true,derived_from_pilot_quotes
2023-12-08,true,derived_from_pilot_quotes
2023-12-11,true,derived_from_pilot_quotes
2023-12-12,true,derived_from_pilot_quotes
2023-12-13,true,derived_from_pilot_quotes
2023-12-14,true,derived_from_pilot_quotes
2023-12-15,true,derived_from_pilot_quotes
2023-12-18,true,derived_from_pilot_quotes
2023-12-19,true,derived_from_pilot_quotes
2023-12-20,true,derived_from_pilot_quotes
2023-12-21,true,derived_from_pilot_quotes
2023-12-22,true,derived_from_pilot_quotes
2023-12-26,true,derived_from_pilot_quotes
2023-12-27,true,derived_from_pilot_quotes
2023-12-28,true,derived_from_pilot_quotes
2023-12-29,true,derived_from_pilot_quotes
2024-01-01,true,derived_from_pilot_quotes
2024-01-02,true,derived_from_pilot_quotes
2024-01-03,true,derived_from_pilot_quotes
2024-01-04,true,derived_from_pilot_quotes
2024-01-05,true,derived_from_pilot_quotes
2024-01-08,true,derived_from_pilot_quotes
2024-01-09,true,derived_from_pilot_quotes
2024-01-10,true,derived_from_pilot_quotes
2024-01-11,true,derived_from_pilot_quotes
2024-01-12,true,derived_from_pilot_quotes
2024-01-15,true,derived_from_pilot_quotes
2024-01-16,true,derived_from_pilot_quotes
2024-01-17,true,derived_from_pilot_quotes
2024-01-18,true,derived_from_pilot_quotes
2024-01-19,true,derived_from_pilot_quotes
2024-01-20,true,derived_from_pilot_quotes
2024-01-23,true,derived_from_pilot_quotes
2024-01-24,true,derived_from_pilot_quotes
2024-01-25,true,derived_from_pilot_quotes
2024-01-29,true,derived_from_pilot_quotes
2024-01-30,true,derived_from_pilot_quotes
2024-01-31,true,derived_from_pilot_quotes
2024-02-01,true,derived_from_pilot_quotes
2024-02-02,true,derived_from_pilot_quotes
2024-02-05,true,derived_from_pilot_quotes
2024-02-06,true,derived_from_pilot_quotes
2024-02-07,true,derived_from_pilot_quotes
2024-02-08,true,derived_from_pilot_quotes
2024-02-09,true,derived_from_pilot_quotes
2024-02-12,true,derived_from_pilot_quotes
2024-02-13,true,derived_from_pilot_quotes
2024-02-14,true,derived_from_pilot_quotes
2024-02-15,true,derived_from_pilot_quotes
2024-02-16,true,derived_from_pilot_quotes
2024-02-19,true,derived_from_pilot_quotes
2024-02-20,true,derived_from_pilot_quotes
2024-02-21,true,derived_from_pilot_quotes
2024-02-22,true,derived_from_pilot_quotes
2024-02-23,true,derived_from_pilot_quotes
2024-02-26,true,derived_from_pilot_quotes
2024-02-27,true,derived_from_pilot_quotes
2024-02-28,true,derived_from_pilot_quotes
2024-02-29,true,derived_from_pilot_quotes
2024-03-01,true,derived_from_pilot_quotes
2024-03-02,true,derived_from_pilot_quotes
2024-03-04,true,derived_from_pilot_quotes
2024-03-05,true,derived_from_pilot_quotes
2024-03-06,true,derived_from_pilot_quotes
2024-03-07,true,derived_from_pilot_quotes
2024-03-11,true,derived_from_pilot_quotes
2024-03-12,true,derived_from_pilot_quotes
2024-03-13,true,derived_from_pilot_quotes
2024-03-14,true,derived_from_pilot_quotes
2024-03-15,true,derived_from_pilot_quotes
2024-03-18,true,derived_from_pilot_quotes
2024-03-19,true,derived_from_pilot_quotes
2024-03-20,true,derived_from_pilot_quotes
2024-03-21,true,derived_from_pilot_quotes
2024-03-22,true,derived_from_pilot_quotes
2024-03-26,true,derived_from_pilot_quotes
2024-03-27,true,derived_from_pilot_quotes
2024-03-28,true,derived_from_pilot_quotes
2024-04-01,true,derived_from_pilot_quotes
2024-04-02,true,derived_from_pilot_quotes
2024-04-03,true,derived_from_pilot_quotes
2024-04-04,true,derived_from_pilot_quotes
2024-04-05,true,derived_from_pilot_quotes
2024-04-08,true,derived_from_pilot_quotes
2024-04-09,true,derived_from_pilot_quotes
2024-04-10,true,derived_from_pilot_quotes
2024-04-12,true,derived_from_pilot_quotes
2024-04-15,true,derived_from_pilot_quotes
2024-04-16,true,derived_from_pilot_quotes
2024-04-18,true,derived_from_pilot_quotes
2024-04-19,true,derived_from_pilot_quotes
2024-04-22,true,derived_from_pilot_quotes
2024-04-23,true,derived_from_pilot_quotes
2024-04-24,true,derived_from_pilot_quotes
2024-04-25,true,derived_from_pilot_quotes
2024-04-26,true,derived_from_pilot_quotes
2024-04-29,true,derived_from_pilot_quotes
2024-04-30,true,derived_from_pilot_quotes
2024-05-02,true,derived_from_pilot_quotes
2024-05-03,true,derived_from_pilot_quotes
2024-05-06,true,derived_from_pilot_quotes
2024-05-07,true,derived_from_pilot_quotes
2024-05-08,true,derived_from_pilot_quotes
2024-05-09,true,derived_from_pilot_quotes
2024-05-10,true,derived_from_pilot_quotes
2024-05-13,true,derived_from_pilot_quotes
2024-05-14,true,derived_from_pilot_quotes
2024-05-15,true,derived_from_pilot_quotes
2024-05-16,true,derived_from_pilot_quotes
2024-05-17,true,derived_from_pilot_quotes
2024-05-18,true,derived_from_pilot_quotes
2024-05-21,true,derived_from_pilot_quotes
2024-05-22,true,derived_from_pilot_quotes
2024-05-23,true,derived_from_pilot_quotes
2024-05-24,true,derived_from_pilot_quotes
2024-05-27,true,derived_from_pilot_quotes
2024-05-28,true,derived_from_pilot_quotes
2024-05-29,true,derived_from_pilot_quotes
2024-05-30,true,derived_from_pilot_quotes
2024-05-31,true,derived_from_pilot_quotes
2024-06-03,true,derived_from_pilot_quotes
2024-06-04,true,derived_from_pilot_quotes
2024-06-05,true,derived_from_pilot_quotes
2024-06-06,true,derived_from_pilot_quotes
2024-06-07,true,derived_from_pilot_quotes
2024-06-10,true,derived_from_pilot_quotes
2024-06-11,true,derived_from_pilot_quotes
2024-06-12,true,derived_from_pilot_quotes
2024-06-13,true,derived_from_pilot_quotes
2024-06-14,true,derived_from_pilot_quotes
2024-06-18,true,derived_from_pilot_quotes
2024-06-19,true,derived_from_pilot_quotes
2024-06-20,true,derived_from_pilot_quotes
2024-06-21,true,derived_from_pilot_quotes
2024-06-24,true,derived_from_pilot_quotes
2024-06-25,true,derived_from_pilot_quotes
2024-06-26,true,derived_from_pilot_quotes
2024-06-27,true,derived_from_pilot_quotes
2024-06-28,true,derived_from_pilot_quotes
2024-07-01,true,derived_from_pilot_quotes
2024-07-02,true,derived_from_pilot_quotes
2024-07-03,true,derived_from_pilot_quotes
2024-07-04,true,derived_from_pilot_quotes
2024-07-05,true,derived_from_pilot_quotes
2024-07-08,true,derived_from_pilot_quotes
2024-07-09,true,derived_from_pilot_quotes
2024-07-10,true,derived_from_pilot_quotes
2024-07-11,true,derived_from_pilot_quotes
2024-07-12,true,derived_from_pilot_quotes
2024-07-15,true,derived_from_pilot_quotes
2024-07-16,true,derived_from_pilot_quotes
2024-07-18,true,derived_from_pilot_quotes
2024-07-19,true,derived_from_pilot_quotes
2024-07-22,true,derived_from_pilot_quotes
2024-07-23,true,derived_from_pilot_quotes
2024-07-24,true,derived_from_pilot_quotes
2024-07-25,true,derived_from_pilot_quotes
2024-07-26,true,derived_from_pilot_quotes
2024-07-29,true,derived_from_pilot_quotes
2024-07-30,true,derived_from_pilot_quotes
2024-07-31,true,derived_from_pilot_quotes
2024-08-01,true,derived_from_pilot_quotes
2024-08-02,true,derived_from_pilot_quotes
2024-08-05,true,derived_from_pilot_quotes
2024-08-06,true,derived_from_pilot_quotes
2024-08-07,true,derived_from_pilot_quotes
2024-08-08,true,derived_from_pilot_quotes
2024-08-09,true,derived_from_pilot_quotes
2024-08-12,true,derived_from_pilot_quotes
2024-08-13,true,derived_from_pilot_quotes
2024-08-14,true,derived_from_pilot_quotes
2024-08-16,true,derived_from_pilot_quotes
2024-08-19,true,derived_from_pilot_quotes
2024-08-20,true,derived_from_pilot_quotes
2024-08-21,true,derived_from_pilot_quotes
2024-08-22,true,derived_from_pilot_quotes
2024-08-23,true,derived_from_pilot_quotes
2024-08-26,true,derived_from_pilot_quotes
2024-08-27,true,derived_from_pilot_quotes
2024-08-28,true,derived_from_pilot_quotes
2024-08-29,true,derived_from_pilot_quotes
2024-08-30,true,derived_from_pilot_quotes
2024-09-02,true,derived_from_pilot_quotes
2024-09-03,true,derived_from_pilot_quotes
2024-09-04,true,derived_from_pilot_quotes
2024-09-05,true,derived_from_pilot_quotes
2024-09-06,true,derived_from_pilot_quotes
2024-09-09,true,derived_from_pilot_quotes
2024-09-10,true,derived_from_pilot_quotes
2024-09-11,true,derived_from_pilot_quotes
2024-09-12,true,derived_from_pilot_quotes
2024-09-13,true,derived_from_pilot_quotes
2024-09-16,true,derived_from_pilot_quotes
2024-09-17,true,derived_from_pilot_quotes
2024-09-18,true,derived_from_pilot_quotes
2024-09-19,true,derived_from_pilot_quotes
2024-09-20,true,derived_from_pilot_quotes
2024-09-23,true,derived_from_pilot_quotes
2024-09-24,true,derived_from_pilot_quotes
2024-09-25,true,derived_from_pilot_quotes
2024-09-26,true,derived_from_pilot_quotes
2024-09-27,true,derived_from_pilot_quotes
2024-09-30,true,derived_from_pilot_quotes
2024-10-01,true,derived_from_pilot_quotes
2024-10-03,true,derived_from_pilot_quotes
2024-10-04,true,derived_from_pilot_quotes
2024-10-07,true,derived_from_pilot_quotes
2024-10-08,true,derived_from_pilot_quotes
2024-10-09,true,derived_from_pilot_quotes
2024-10-10,true,derived_from_pilot_quotes
2024-10-11,true,derived_from_pilot_quotes
2024-10-14,true,derived_from_pilot_quotes
2024-10-15,true,derived_from_pilot_quotes
2024-10-16,true,derived_from_pilot_quotes
2024-10-17,true,derived_from_pilot_quotes
2024-10-18,true,derived_from_pilot_quotes
2024-10-21,true,derived_from_pilot_quotes
2024-10-22,true,derived_from_pilot_quotes
2024-10-23,true,derived_from_pilot_quotes
2024-10-24,true,derived_from_pilot_quotes
2024-10-25,true,derived_from_pilot_quotes
2024-10-28,true,derived_from_pilot_quotes
2024-10-29,true,derived_from_pilot_quotes
2024-10-30,true,derived_from_pilot_quotes
2024-10-31,true,derived_from_pilot_quotes
2024-11-01,true,derived_from_pilot_quotes
2024-11-04,true,derived_from_pilot_quotes
2024-11-05,true,derived_from_pilot_quotes
2024-11-06,true,derived_from_pilot_quotes
2024-11-07,true,derived_from_pilot_quotes
2024-11-08,true,derived_from_pilot_quotes
2024-11-11,true,derived_from_pilot_quotes
2024-11-12,true,derived_from_pilot_quotes
2024-11-13,true,derived_from_pilot_quotes
2024-11-14,true,derived_from_pilot_quotes
2024-11-18,true,derived_from_pilot_quotes
2024-11-19,true,derived_from_pilot_quotes
2024-11-21,true,derived_from_pilot_quotes
2024-11-22,true,derived_from_pilot_quotes
2024-11-25,true,derived_from_pilot_quotes
2024-11-26,true,derived_from_pilot_quotes
2024-11-27,true,derived_from_pilot_quotes
2024-11-28,true,derived_from_pilot_quotes
2024-11-29,true,derived_from_pilot_quotes
2024-12-02,true,derived_from_pilot_quotes
2024-12-03,true,derived_from_pilot_quotes
2024-12-04,true,derived_from_pilot_quotes
2024-12-05,true,derived_from_pilot_quotes
2024-12-06,true,derived_from_pilot_quotes
2024-12-09,true,derived_from_pilot_quotes
2024-12-10,true,derived_from_pilot_quotes
2024-12-11,true,derived_from_pilot_quotes
2024-12-12,true,derived_from_pilot_quotes
2024-12-13,true,derived_from_pilot_quotes
2024-12-16,true,derived_from_pilot_quotes
2024-12-17,true,derived_from_pilot_quotes
2024-12-18,true,derived_from_pilot_quotes
2024-12-19,true,derived_from_pilot_quotes
2024-12-20,true,derived_from_pilot_quotes
2024-12-23,true,derived_from_pilot_quotes
2024-12-24,true,derived_from_pilot_quotes
2024-12-26,true,derived_from_pilot_quotes
2024-12-27,true,derived_from_pilot_quotes
2024-12-30,true,derived_from_pilot_quotes
2024-12-31,true,derived_from_pilot_quotes
2025-01-01,true,derived_from_pilot_quotes
2025-01-02,true,derived_from_pilot_quotes
2025-01-03,true,derived_from_pilot_quotes
2025-01-06,true,derived_from_pilot_quotes
2025-01-07,true,derived_from_pilot_quotes
2025-01-08,true,derived_from_pilot_quotes
2025-01-09,true,derived_from_pilot_quotes
2025-01-10,true,derived_from_pilot_quotes
2025-01-13,true,derived_from_pilot_quotes
2025-01-14,true,derived_from_pilot_quotes
2025-01-15,true,derived_from_pilot_quotes
2025-01-16,true,derived_from_pilot_quotes
2025-01-17,true,derived_from_pilot_quotes
2025-01-20,true,derived_from_pilot_quotes
2025-01-21,true,derived_from_pilot_quotes
2025-01-22,true,derived_from_pilot_quotes
2025-01-23,true,derived_from_pilot_quotes
2025-01-24,true,derived_from_pilot_quotes
2025-01-27,true,derived_from_pilot_quotes
2025-01-28,true,derived_from_pilot_quotes
2025-01-29,true,derived_from_pilot_quotes
2025-01-30,true,derived_from_pilot_quotes
2025-01-31,true,derived_from_pilot_quotes
2025-02-01,true,derived_from_pilot_quotes
2025-02-03,true,derived_from_pilot_quotes
2025-02-04,true,derived_from_pilot_quotes
2025-02-05,true,derived_from_pilot_quotes
2025-02-06,true,derived_from_pilot_quotes
2025-02-07,true,derived_from_pilot_quotes
2025-02-10,true,derived_from_pilot_quotes
2025-02-11,true,derived_from_pilot_quotes
2025-02-12,true,derived_from_pilot_quotes
2025-02-13,true,derived_from_pilot_quotes
2025-02-14,true,derived_from_pilot_quotes
2025-02-17,true,derived_from_pilot_quotes
2025-02-18,true,derived_from_pilot_quotes
2025-02-19,true,derived_from_pilot_quotes
2025-02-20,true,derived_from_pilot_quotes
2025-02-21,true,derived_from_pilot_quotes
2025-02-24,true,derived_from_pilot_quotes
2025-02-25,true,derived_from_pilot_quotes
2025-02-27,true,derived_from_pilot_quotes
2025-02-28,true,derived_from_pilot_quotes
2025-03-03,true,derived_from_pilot_quotes
2025-03-04,true,derived_from_pilot_quotes
2025-03-05,true,derived_from_pilot_quotes
2025-03-06,true,derived_from_pilot_quotes
2025-03-07,true,derived_from_pilot_quotes
2025-03-10,true,derived_from_pilot_quotes
2025-03-11,true,derived_from_pilot_quotes
2025-03-12,true,derived_from_pilot_quotes
2025-03-13,true,derived_from_pilot_quotes
2025-03-17,true,derived_from_pilot_quotes
2025-03-18,true,derived_from_pilot_quotes
2025-03-19,true,derived_from_pilot_quotes
2025-03-20,true,derived_from_pilot_quotes
2025-03-21,true,derived_from_pilot_quotes
2025-03-24,true,derived_from_pilot_quotes
2025-03-25,true,derived_from_pilot_quotes
2025-03-26,true,derived_from_pilot_quotes
2025-03-27,true,derived_from_pilot_quotes
2025-03-28,true,derived_from_pilot_quotes
2025-04-01,true,derived_from_pilot_quotes
2025-04-02,true,derived_from_pilot_quotes
2025-04-03,true,derived_from_pilot_quotes
2025-04-04,true,derived_from_pilot_quotes
2025-04-07,true,derived_from_pilot_quotes
2025-04-08,true,derived_from_pilot_quotes
2025-04-09,true,derived_from_pilot_quotes
2025-04-11,true,derived_from_pilot_quotes
2025-04-15,true,derived_from_pilot_quotes
2025-04-16,true,derived_from_pilot_quotes
2025-04-17,true,derived_from_pilot_quotes
2025-04-21,true,derived_from_pilot_quotes
2025-04-22,true,derived_from_pilot_quotes
2025-04-23,true,derived_from_pilot_quotes
2025-04-24,true,derived_from_pilot_quotes
2025-04-25,true,derived_from_pilot_quotes
2025-04-28,true,derived_from_pilot_quotes
2025-04-29,true,derived_from_pilot_quotes
2025-04-30,true,derived_from_pilot_quotes
2025-05-02,true,derived_from_pilot_quotes
2025-05-05,true,derived_from_pilot_quotes
2025-05-06,true,derived_from_pilot_quotes
2025-05-07,true,derived_from_pilot_quotes
2025-05-08,true,derived_from_pilot_quotes
2025-05-09,true,derived_from_pilot_quotes
2025-05-12,true,derived_from_pilot_quotes
2025-05-13,true,derived_from_pilot_quotes
2025-05-14,true,derived_from_pilot_quotes
2025-05-15,true,derived_from_pilot_quotes
2025-05-16,true,derived_from_pilot_quotes
2025-05-19,true,derived_from_pilot_quotes
2025-05-20,true,derived_from_pilot_quotes
2025-05-21,true,derived_from_pilot_quotes
2025-05-22,true,derived_from_pilot_quotes
2025-05-23,true,derived_from_pilot_quotes
2025-05-26,true,derived_from_pilot_quotes
2025-05-27,true,derived_from_pilot_quotes
2025-05-28,true,derived_from_pilot_quotes
2025-05-29,true,derived_from_pilot_quotes
2025-05-30,true,derived_from_pilot_quotes
2025-06-02,true,derived_from_pilot_quotes
2025-06-03,true,derived_from_pilot_quotes
2025-06-04,true,derived_from_pilot_quotes
2025-06-05,true,derived_from_pilot_quotes
2025-06-06,true,derived_from_pilot_quotes
2025-06-09,true,derived_from_pilot_quotes
2025-06-10,true,derived_from_pilot_quotes
2025-06-11,true,derived_from_pilot_quotes
2025-06-12,true,derived_from_pilot_quotes
2025-06-13,true,derived_from_pilot_quotes
2025-06-16,true,derived_from_pilot_quotes
2025-06-17,true,derived_from_pilot_quotes
2025-06-18,true,derived_from_pilot_quotes
2025-06-19,true,derived_from_pilot_quotes
2025-06-20,true,derived_from_pilot_quotes
2025-06-23,true,derived_from_pilot_quotes
2025-06-24,true,derived_from_pilot_quotes
2025-06-25,true,derived_from_pilot_quotes
2025-06-26,true,derived_from_pilot_quotes
2025-06-27,true,derived_from_pilot_quotes
2025-06-30,true,derived_from_pilot_quotes
2025-07-01,true,derived_from_pilot_quotes
2025-07-02,true,derived_from_pilot_quotes
2025-07-03,true,derived_from_pilot_quotes
2025-07-04,true,derived_from_pilot_quotes
2025-07-07,true,derived_from_pilot_quotes
2025-07-08,true,derived_from_pilot_quotes
2025-07-09,true,derived_from_pilot_quotes
2025-07-10,true,derived_from_pilot_quotes
2025-07-11,true,derived_from_pilot_quotes
2025-07-14,true,derived_from_pilot_quotes
2025-07-15,true,derived_from_pilot_quotes
2025-07-16,true,derived_from_pilot_quotes
2025-07-17,true,derived_from_pilot_quotes
2025-07-18,true,derived_from_pilot_quotes
2025-07-21,true,derived_from_pilot_quotes
2025-07-22,true,derived_from_pilot_quotes
2025-07-23,true,derived_from_pilot_quotes
2025-07-24,true,derived_from_pilot_quotes
2025-07-25,true,derived_from_pilot_quotes
2025-07-28,true,derived_from_pilot_quotes
2025-07-29,true,derived_from_pilot_quotes
2025-07-30,true,derived_from_pilot_quotes
2025-07-31,true,derived_from_pilot_quotes
2025-08-01,true,derived_from_pilot_quotes
2025-08-04,true,derived_from_pilot_quotes
2025-08-05,true,derived_from_pilot_quotes
2025-08-06,true,derived_from_pilot_quotes
2025-08-07,true,derived_from_pilot_quotes
2025-08-08,true,derived_from_pilot_quotes
2025-08-11,true,derived_from_pilot_quotes
2025-08-12,true,derived_from_pilot_quotes
2025-08-13,true,derived_from_pilot_quotes
2025-08-14,true,derived_from_pilot_quotes
2025-08-18,true,derived_from_pilot_quotes
2025-08-19,true,derived_from_pilot_quotes
2025-08-20,true,derived_from_pilot_quotes
2025-08-21,true,derived_from_pilot_quotes
2025-08-22,true,derived_from_pilot_quotes
2025-08-25,true,derived_from_pilot_quotes
2025-08-26,true,derived_from_pilot_quotes
2025-08-28,true,derived_from_pilot_quotes
2025-08-29,true,derived_from_pilot_quotes
2025-09-01,true,derived_from_pilot_quotes
2025-09-02,true,derived_from_pilot_quotes
2025-09-03,true,derived_from_pilot_quotes
2025-09-04,true,derived_from_pilot_quotes
2025-09-05,true,derived_from_pilot_quotes
2025-09-08,true,derived_from_pilot_quotes
2025-09-09,true,derived_from_pilot_quotes
2025-09-10,true,derived_from_pilot_quotes
2025-09-11,true,derived_from_pilot_quotes
2025-09-12,true,derived_from_pilot_quotes
2025-09-15,true,derived_from_pilot_quotes
2025-09-16,true,derived_from_pilot_quotes
2025-09-17,true,derived_from_pilot_quotes
2025-09-18,true,derived_from_pilot_quotes
2025-09-19,true,derived_from_pilot_quotes
2025-09-22,true,derived_from_pilot_quotes
2025-09-23,true,derived_from_pilot_quotes
2025-09-24,true,derived_from_pilot_quotes
2025-09-25,true,derived_from_pilot_quotes
2025-09-26,true,derived_from_pilot_quotes
2025-09-29,true,derived_from_pilot_quotes
2025-09-30,true,derived_from_pilot_quotes
2025-10-01,true,derived_from_pilot_quotes
2025-10-03,true,derived_from_pilot_quotes
2025-10-06,true,derived_from_pilot_quotes
2025-10-07,true,derived_from_pilot_quotes
2025-10-08,true,derived_from_pilot_quotes
2025-10-09,true,derived_from_pilot_quotes
2025-10-10,true,derived_from_pilot_quotes
2025-10-13,true,derived_from_pilot_quotes
2025-10-14,true,derived_from_pilot_quotes
2025-10-15,true,derived_from_pilot_quotes
2025-10-16,true,derived_from_pilot_quotes
2025-10-17,true,derived_from_pilot_quotes
2025-10-20,true,derived_from_pilot_quotes
2025-10-21,true,derived_from_pilot_quotes
2025-10-23,true,derived_from_pilot_quotes
2025-10-24,true,derived_from_pilot_quotes
2025-10-27,true,derived_from_pilot_quotes
2025-10-28,true,derived_from_pilot_quotes
2025-10-29,true,derived_from_pilot_quotes
2025-10-30,true,derived_from_pilot_quotes
2025-10-31,true,derived_from_pilot_quotes
2025-11-03,true,derived_from_pilot_quotes
2025-11-04,true,derived_from_pilot_quotes
2025-11-06,true,derived_from_pilot_quotes
2025-11-07,true,derived_from_pilot_quotes
2025-11-10,true,derived_from_pilot_quotes
2025-11-11,true,derived_from_pilot_quotes
2025-11-12,true,derived_from_pilot_quotes
2025-11-13,true,derived_from_pilot_quotes
2025-11-14,true,derived_from_pilot_quotes
2025-11-17,true,derived_from_pilot_quotes
2025-11-18,true,derived_from_pilot_quotes
2025-11-19,true,derived_from_pilot_quotes
2025-11-20,true,derived_from_pilot_quotes
2025-11-21,true,derived_from_pilot_quotes
2025-11-24,true,derived_from_pilot_quotes
2025-11-25,true,derived_from_pilot_quotes
2025-11-26,true,derived_from_pilot_quotes
2025-11-27,true,derived_from_pilot_quotes
2025-11-28,true,derived_from_pilot_quotes
2025-12-01,true,derived_from_pilot_quotes
2025-12-02,true,derived_from_pilot_quotes
2025-12-03,true,derived_from_pilot_quotes
2025-12-04,true,derived_from_pilot_quotes
2025-12-05,true,derived_from_pilot_quotes
2025-12-08,true,derived_from_pilot_quotes
2025-12-09,true,derived_from_pilot_quotes
2025-12-10,true,derived_from_pilot_quotes
2025-12-11,true,derived_from_pilot_quotes
2025-12-12,true,derived_from_pilot_quotes
2025-12-15,true,derived_from_pilot_quotes
2025-12-16,true,derived_from_pilot_quotes
2025-12-17,true,derived_from_pilot_quotes
2025-12-18,true,derived_from_pilot_quotes
2025-12-19,true,derived_from_pilot_quotes
2025-12-22,true,derived_from_pilot_quotes
2025-12-23,true,derived_from_pilot_quotes
2025-12-24,true,derived_from_pilot_quotes
2025-12-26,true,derived_from_pilot_quotes
2025-12-29,true,derived_from_pilot_quotes
2025-12-30,true,derived_from_pilot_quotes
2025-12-31,true,derived_from_pilot_quotes
2026-01-01,true,derived_from_pilot_quotes
2026-01-02,true,derived_from_pilot_quotes
2026-01-05,true,derived_from_pilot_quotes
2026-01-06,true,derived_from_pilot_quotes
2026-01-07,true,derived_from_pilot_quotes
2026-01-08,true,derived_from_pilot_quotes
2026-01-09,true,derived_from_pilot_quotes
2026-01-12,true,derived_from_pilot_quotes
2026-01-13,true,derived_from_pilot_quotes
2026-01-14,true,derived_from_pilot_quotes
2026-01-15,false,nse_holidays_2026_user
2026-01-16,true,derived_from_pilot_quotes
2026-01-19,true,derived_from_pilot_quotes
2026-01-20,true,derived_from_pilot_quotes
2026-01-21,true,derived_from_pilot_quotes
2026-01-22,true,derived_from_pilot_quotes
2026-01-23,true,derived_from_pilot_quotes
2026-01-26,false,nse_holidays_2026_user
2026-01-27,true,derived_from_pilot_quotes
2026-01-28,true,derived_from_pilot_quotes
2026-01-29,true,derived_from_pilot_quotes
2026-01-30,true,derived_from_pilot_quotes
2026-02-01,true,derived_from_pilot_quotes
2026-02-02,true,derived_from_pilot_quotes
2026-02-03,true,derived_from_pilot_quotes
2026-02-04,true,derived_from_pilot_quotes
2026-02-05,true,derived_from_pilot_quotes
2026-02-06,true,derived_from_pilot_quotes
2026-02-09,true,derived_from_pilot_quotes
2026-02-10,true,derived_from_pilot_quotes
2026-02-11,true,derived_from_pilot_quotes
2026-02-12,true,derived_from_pilot_quotes
2026-02-13,true,derived_from_pilot_quotes
2026-02-16,true,derived_from_pilot_quotes
2026-02-17,true,derived_from_pilot_quotes
2026-02-18,true,derived_from_pilot_quotes
2026-02-19,true,derived_from_pilot_quotes
2026-02-20,true,derived_from_pilot_quotes
2026-02-23,true,derived_from_pilot_quotes
2026-02-24,true,derived_from_pilot_quotes
2026-02-25,true,derived_from_pilot_quotes
2026-02-26,true,derived_from_pilot_quotes
2026-02-27,true,derived_from_pilot_quotes
2026-03-02,true,derived_from_pilot_quotes
2026-03-03,false,nse_holidays_2026_user
2026-03-04,true,derived_from_pilot_quotes
2026-03-05,true,derived_from_pilot_quotes
2026-03-06,true,derived_from_pilot_quotes
2026-03-09,true,derived_from_pilot_quotes
2026-03-10,true,derived_from_pilot_quotes
2026-03-11,true,derived_from_pilot_quotes
2026-03-12,true,derived_from_pilot_quotes
2026-03-13,true,derived_from_pilot_quotes
2026-03-16,true,derived_from_pilot_quotes
2026-03-17,true,derived_from_pilot_quotes
2026-03-18,true,derived_from_pilot_quotes
2026-03-19,true,derived_from_pilot_quotes
2026-03-20,true,derived_from_pilot_quotes
2026-03-23,true,derived_from_pilot_quotes
2026-03-24,true,derived_from_pilot_quotes
2026-03-25,true,derived_from_pilot_quotes
2026-03-26,false,nse_holidays_2026_user
2026-03-27,true,derived_from_pilot_quotes
2026-03-30,true,derived_from_pilot_quotes
2026-03-31,false,nse_holidays_2026_user
2026-04-01,true,derived_from_pilot_quotes
2026-04-02,true,derived_from_pilot_quotes
2026-04-03,false,nse_holidays_2026_user
2026-04-06,true,derived_from_pilot_quotes
2026-04-07,true,derived_from_pilot_quotes
2026-04-08,true,derived_from_pilot_quotes
2026-04-09,true,derived_from_pilot_quotes
2026-04-10,true,derived_from_pilot_quotes
2026-04-13,true,derived_from_pilot_quotes
2026-04-14,false,nse_holidays_2026_user
2026-04-15,true,derived_from_pilot_quotes
2026-04-16,true,derived_from_pilot_quotes
2026-04-17,true,derived_from_pilot_quotes
2026-04-20,true,derived_from_pilot_quotes
2026-04-21,true,derived_from_pilot_quotes
2026-04-22,true,derived_from_pilot_quotes
2026-04-23,true,derived_from_pilot_quotes
2026-04-24,true,derived_from_pilot_quotes
2026-04-27,true,derived_from_pilot_quotes
2026-04-28,true,derived_from_pilot_quotes
2026-04-29,true,derived_from_pilot_quotes
2026-04-30,true,derived_from_pilot_quotes
2026-05-01,false,nse_holidays_2026_user
2026-05-04,true,derived_from_pilot_quotes
2026-05-05,true,derived_from_pilot_quotes
2026-05-06,true,derived_from_pilot_quotes
2026-05-07,true,derived_from_pilot_quotes
2026-05-08,true,derived_from_pilot_quotes
2026-05-11,true,derived_from_pilot_quotes
2026-05-12,true,derived_from_pilot_quotes
2026-05-13,true,derived_from_pilot_quotes
2026-05-14,true,derived_from_pilot_quotes
2026-05-15,true,derived_from_pilot_quotes
2026-05-18,true,derived_from_pilot_quotes
2026-05-19,true,derived_from_pilot_quotes
2026-05-20,true,derived_from_pilot_quotes
2026-05-21,true,derived_from_pilot_quotes
2026-05-22,true,derived_from_pilot_quotes
2026-05-25,true,derived_from_pilot_quotes
2026-05-26,true,derived_from_pilot_quotes
2026-05-27,true,derived_from_pilot_quotes
2026-05-28,false,nse_holidays_2026_user
2026-05-29,true,derived_from_pilot_quotes
2026-06-01,true,derived_from_pilot_quotes
2026-06-02,true,derived_from_pilot_quotes
2026-06-03,true,derived_from_pilot_quotes
2026-06-04,true,derived_from_pilot_quotes
2026-06-05,true,derived_from_pilot_quotes
2026-06-08,true,derived_from_pilot_quotes
2026-06-09,true,derived_from_pilot_quotes
2026-06-10,true,derived_from_pilot_quotes
2026-06-11,true,derived_from_pilot_quotes
2026-06-12,true,derived_from_pilot_quotes
2026-06-15,true,derived_from_pilot_quotes
2026-06-16,true,derived_from_pilot_quotes
2026-06-17,true,derived_from_pilot_quotes
2026-06-18,true,derived_from_pilot_quotes
2026-06-19,true,derived_from_pilot_quotes
2026-06-22,true,derived_from_pilot_quotes
2026-06-23,true,derived_from_pilot_quotes
2026-06-24,true,derived_from_pilot_quotes
2026-06-25,true,derived_from_pilot_quotes
2026-06-26,false,nse_holidays_2026_user
2026-06-29,true,derived_from_pilot_quotes
2026-06-30,true,derived_from_pilot_quotes
2026-07-01,true,derived_from_pilot_quotes
2026-07-02,true,derived_from_pilot_quotes
2026-07-03,true,derived_from_pilot_quotes
2026-07-06,true,derived_from_pilot_quotes
2026-07-07,true,derived_from_pilot_quotes
2026-07-08,true,derived_from_pilot_quotes
2026-07-09,true,derived_from_pilot_quotes
2026-07-10,true,derived_from_pilot_quotes
2026-07-13,true,derived_from_pilot_quotes
2026-07-14,true,derived_from_pilot_quotes
2026-07-15,true,derived_from_pilot_quotes
2026-07-16,true,derived_from_pilot_quotes
2026-07-17,true,derived_from_pilot_quotes
2026-09-14,false,nse_holidays_2026_user
2026-10-02,false,nse_holidays_2026_user
2026-10-20,false,nse_holidays_2026_user
2026-11-10,false,nse_holidays_2026_user
2026-11-24,false,nse_holidays_2026_user
2026-12-25,false,nse_holidays_2026_user
